instructions_image4,instructions_image5,stim_lists,instructions_image1,instructions_image2,instructions_image3,target_image,verdical_response,blocks.thisRepN,blocks.thisTrialN,blocks.thisN,blocks.thisIndex,trials.thisRepN,trials.thisTrialN,trials.thisN,trials.thisIndex,key_resp_scanner_trigger.keys,key_resp_scanner_trigger.rt,rating.keys,rating.rt,expName,participant,frameRate,randomization,session,date,
,,,,,,,,,,,,,,,,['equal'],[1.6035470962524414],,,WMLoc,testcode1,60.0161118846,b,1,2017_Sep_27_1243,
instructions/0back_instr_M.png,instructions/0back_instr_M.png,parameters/stimlist_runB8.csv,instructions/0back_instr_M.png,instructions/0back_instr_M.png,instructions/0back_instr_M.png,stimuli/W.png,0,0,0,0,0,0,0,0,0,,,None,,WMLoc,testcode1,60.0161118846,b,1,2017_Sep_27_1243,
instructions/0back_instr_M.png,instructions/0back_instr_M.png,parameters/stimlist_runB8.csv,instructions/0back_instr_M.png,instructions/0back_instr_M.png,instructions/0back_instr_M.png,stimuli/X.png,0,0,0,0,0,0,1,1,1,,,None,,WMLoc,testcode1,60.0161118846,b,1,2017_Sep_27_1243,
instructions/0back_instr_M.png,instructions/0back_instr_M.png,parameters/stimlist_runB8.csv,instructions/0back_instr_M.png,instructions/0back_instr_M.png,instructions/0back_instr_M.png,stimuli/B.png,0,0,0,0,0,0,2,2,2,,,None,,WMLoc,testcode1,60.0161118846,b,1,2017_Sep_27_1243,
instructions/0back_instr_M.png,instructions/0back_instr_M.png,parameters/stimlist_runB8.csv,instructions/0back_instr_M.png,instructions/0back_instr_M.png,instructions/0back_instr_M.png,stimuli/F.png,0,0,0,0,0,0,3,3,3,,,None,,WMLoc,testcode1,60.0161118846,b,1,2017_Sep_27_1243,
instructions/0back_instr_M.png,instructions/0back_instr_M.png,parameters/stimlist_runB8.csv,instructions/0back_instr_M.png,instructions/0back_instr_M.png,instructions/0back_instr_M.png,stimuli/M.png,1,0,0,0,0,0,4,4,4,,,['1'],[0.7175378799438477],WMLoc,testcode1,60.0161118846,b,1,2017_Sep_27_1243,
instructions/0back_instr_M.png,instructions/0back_instr_M.png,parameters/stimlist_runB8.csv,instructions/0back_instr_M.png,instructions/0back_instr_M.png,instructions/0back_instr_M.png,stimuli/Q.png,0,0,0,0,0,0,5,5,5,,,None,,WMLoc,testcode1,60.0161118846,b,1,2017_Sep_27_1243,
instructions/0back_instr_M.png,instructions/0back_instr_M.png,parameters/stimlist_runB8.csv,instructions/0back_instr_M.png,instructions/0back_instr_M.png,instructions/0back_instr_M.png,stimuli/R.png,0,0,0,0,0,0,6,6,6,,,None,,WMLoc,testcode1,60.0161118846,b,1,2017_Sep_27_1243,
instructions/0back_instr_M.png,instructions/0back_instr_M.png,parameters/stimlist_runB8.csv,instructions/0back_instr_M.png,instructions/0back_instr_M.png,instructions/0back_instr_M.png,stimuli/J.png,0,0,0,0,0,0,7,7,7,,,None,,WMLoc,testcode1,60.0161118846,b,1,2017_Sep_27_1243,
instructions/0back_instr_M.png,instructions/0back_instr_M.png,parameters/stimlist_runB8.csv,instructions/0back_instr_M.png,instructions/0back_instr_M.png,instructions/0back_instr_M.png,stimuli/M.png,1,0,0,0,0,0,8,8,8,,,['1'],[0.5184109210968018],WMLoc,testcode1,60.0161118846,b,1,2017_Sep_27_1243,
instructions/0back_instr_M.png,instructions/0back_instr_M.png,parameters/stimlist_runB8.csv,instructions/0back_instr_M.png,instructions/0back_instr_M.png,instructions/0back_instr_M.png,stimuli/Q.png,0,0,0,0,0,0,9,9,9,,,None,,WMLoc,testcode1,60.0161118846,b,1,2017_Sep_27_1243,
instructions/0back_instr_M.png,instructions/0back_instr_M.png,parameters/stimlist_runB8.csv,instructions/0back_instr_M.png,instructions/0back_instr_M.png,instructions/0back_instr_M.png,stimuli/J.png,0,0,0,0,0,0,10,10,10,,,None,,WMLoc,testcode1,60.0161118846,b,1,2017_Sep_27_1243,
instructions/0back_instr_M.png,instructions/0back_instr_M.png,parameters/stimlist_runB8.csv,instructions/0back_instr_M.png,instructions/0back_instr_M.png,instructions/0back_instr_M.png,stimuli/F.png,0,0,0,0,0,0,11,11,11,,,None,,WMLoc,testcode1,60.0161118846,b,1,2017_Sep_27_1243,
instructions/0back_instr_M.png,instructions/0back_instr_M.png,parameters/stimlist_runB8.csv,instructions/0back_instr_M.png,instructions/0back_instr_M.png,instructions/0back_instr_M.png,stimuli/H.png,0,0,0,0,0,0,12,12,12,,,None,,WMLoc,testcode1,60.0161118846,b,1,2017_Sep_27_1243,
instructions/0back_instr_M.png,instructions/0back_instr_M.png,parameters/stimlist_runB8.csv,instructions/0back_instr_M.png,instructions/0back_instr_M.png,instructions/0back_instr_M.png,stimuli/W.png,0,0,0,0,0,0,13,13,13,,,None,,WMLoc,testcode1,60.0161118846,b,1,2017_Sep_27_1243,
instructions/0back_instr_M.png,instructions/0back_instr_M.png,parameters/stimlist_runB8.csv,instructions/0back_instr_M.png,instructions/0back_instr_M.png,instructions/0back_instr_M.png,stimuli/J.png,0,0,0,0,0,0,14,14,14,,,None,,WMLoc,testcode1,60.0161118846,b,1,2017_Sep_27_1243,
instructions/0back_instr_M.png,instructions/0back_instr_M.png,parameters/stimlist_runB8.csv,instructions/0back_instr_M.png,instructions/0back_instr_M.png,instructions/0back_instr_M.png,stimuli/R.png,0,0,0,0,0,0,15,15,15,,,None,,WMLoc,testcode1,60.0161118846,b,1,2017_Sep_27_1243,
instructions/0back_instr_M.png,instructions/0back_instr_M.png,parameters/stimlist_runB8.csv,instructions/0back_instr_M.png,instructions/0back_instr_M.png,instructions/0back_instr_M.png,stimuli/R.png,0,0,0,0,0,0,16,16,16,,,None,,WMLoc,testcode1,60.0161118846,b,1,2017_Sep_27_1243,
instructions/0back_instr_M.png,instructions/0back_instr_M.png,parameters/stimlist_runB8.csv,instructions/0back_instr_M.png,instructions/0back_instr_M.png,instructions/0back_instr_M.png,stimuli/M.png,1,0,0,0,0,0,17,17,17,,,['1'],[0.5016200542449951],WMLoc,testcode1,60.0161118846,b,1,2017_Sep_27_1243,
instructions/2back_instr4.png,instructions/2back_instr5.png,parameters/stimlist_runB7.csv,instructions/2back_instr1.png,instructions/2back_instr2.png,instructions/2back_instr3.png,stimuli/H.png,0,0,1,1,1,0,0,0,0,,,None,,WMLoc,testcode1,60.0161118846,b,1,2017_Sep_27_1243,
instructions/2back_instr4.png,instructions/2back_instr5.png,parameters/stimlist_runB7.csv,instructions/2back_instr1.png,instructions/2back_instr2.png,instructions/2back_instr3.png,stimuli/W.png,0,0,1,1,1,0,1,1,1,,,None,,WMLoc,testcode1,60.0161118846,b,1,2017_Sep_27_1243,
instructions/2back_instr4.png,instructions/2back_instr5.png,parameters/stimlist_runB7.csv,instructions/2back_instr1.png,instructions/2back_instr2.png,instructions/2back_instr3.png,stimuli/M.png,0,0,1,1,1,0,2,2,2,,,None,,WMLoc,testcode1,60.0161118846,b,1,2017_Sep_27_1243,
instructions/2back_instr4.png,instructions/2back_instr5.png,parameters/stimlist_runB7.csv,instructions/2back_instr1.png,instructions/2back_instr2.png,instructions/2back_instr3.png,stimuli/W.png,1,0,1,1,1,0,3,3,3,,,['1'],[0.4348790645599365],WMLoc,testcode1,60.0161118846,b,1,2017_Sep_27_1243,
instructions/2back_instr4.png,instructions/2back_instr5.png,parameters/stimlist_runB7.csv,instructions/2back_instr1.png,instructions/2back_instr2.png,instructions/2back_instr3.png,stimuli/F.png,0,0,1,1,1,0,4,4,4,,,None,,WMLoc,testcode1,60.0161118846,b,1,2017_Sep_27_1243,
instructions/2back_instr4.png,instructions/2back_instr5.png,parameters/stimlist_runB7.csv,instructions/2back_instr1.png,instructions/2back_instr2.png,instructions/2back_instr3.png,stimuli/J.png,0,0,1,1,1,0,5,5,5,,,None,,WMLoc,testcode1,60.0161118846,b,1,2017_Sep_27_1243,
instructions/2back_instr4.png,instructions/2back_instr5.png,parameters/stimlist_runB7.csv,instructions/2back_instr1.png,instructions/2back_instr2.png,instructions/2back_instr3.png,stimuli/R.png,0,0,1,1,1,0,6,6,6,,,None,,WMLoc,testcode1,60.0161118846,b,1,2017_Sep_27_1243,
instructions/2back_instr4.png,instructions/2back_instr5.png,parameters/stimlist_runB7.csv,instructions/2back_instr1.png,instructions/2back_instr2.png,instructions/2back_instr3.png,stimuli/B.png,0,0,1,1,1,0,7,7,7,,,None,,WMLoc,testcode1,60.0161118846,b,1,2017_Sep_27_1243,
instructions/2back_instr4.png,instructions/2back_instr5.png,parameters/stimlist_runB7.csv,instructions/2back_instr1.png,instructions/2back_instr2.png,instructions/2back_instr3.png,stimuli/H.png,0,0,1,1,1,0,8,8,8,,,None,,WMLoc,testcode1,60.0161118846,b,1,2017_Sep_27_1243,
instructions/2back_instr4.png,instructions/2back_instr5.png,parameters/stimlist_runB7.csv,instructions/2back_instr1.png,instructions/2back_instr2.png,instructions/2back_instr3.png,stimuli/R.png,0,0,1,1,1,0,9,9,9,,,None,,WMLoc,testcode1,60.0161118846,b,1,2017_Sep_27_1243,
instructions/2back_instr4.png,instructions/2back_instr5.png,parameters/stimlist_runB7.csv,instructions/2back_instr1.png,instructions/2back_instr2.png,instructions/2back_instr3.png,stimuli/H.png,1,0,1,1,1,0,10,10,10,,,['1'],[0.4181210994720459],WMLoc,testcode1,60.0161118846,b,1,2017_Sep_27_1243,
instructions/2back_instr4.png,instructions/2back_instr5.png,parameters/stimlist_runB7.csv,instructions/2back_instr1.png,instructions/2back_instr2.png,instructions/2back_instr3.png,stimuli/Q.png,0,0,1,1,1,0,11,11,11,,,None,,WMLoc,testcode1,60.0161118846,b,1,2017_Sep_27_1243,
instructions/2back_instr4.png,instructions/2back_instr5.png,parameters/stimlist_runB7.csv,instructions/2back_instr1.png,instructions/2back_instr2.png,instructions/2back_instr3.png,stimuli/X.png,0,0,1,1,1,0,12,12,12,,,None,,WMLoc,testcode1,60.0161118846,b,1,2017_Sep_27_1243,
instructions/2back_instr4.png,instructions/2back_instr5.png,parameters/stimlist_runB7.csv,instructions/2back_instr1.png,instructions/2back_instr2.png,instructions/2back_instr3.png,stimuli/X.png,0,0,1,1,1,0,13,13,13,,,None,,WMLoc,testcode1,60.0161118846,b,1,2017_Sep_27_1243,
instructions/2back_instr4.png,instructions/2back_instr5.png,parameters/stimlist_runB7.csv,instructions/2back_instr1.png,instructions/2back_instr2.png,instructions/2back_instr3.png,stimuli/B.png,0,0,1,1,1,0,14,14,14,,,None,,WMLoc,testcode1,60.0161118846,b,1,2017_Sep_27_1243,
instructions/2back_instr4.png,instructions/2back_instr5.png,parameters/stimlist_runB7.csv,instructions/2back_instr1.png,instructions/2back_instr2.png,instructions/2back_instr3.png,stimuli/W.png,0,0,1,1,1,0,15,15,15,,,None,,WMLoc,testcode1,60.0161118846,b,1,2017_Sep_27_1243,
instructions/2back_instr4.png,instructions/2back_instr5.png,parameters/stimlist_runB7.csv,instructions/2back_instr1.png,instructions/2back_instr2.png,instructions/2back_instr3.png,stimuli/B.png,1,0,1,1,1,0,16,16,16,,,['1'],[0.38481998443603516],WMLoc,testcode1,60.0161118846,b,1,2017_Sep_27_1243,
instructions/2back_instr4.png,instructions/2back_instr5.png,parameters/stimlist_runB7.csv,instructions/2back_instr1.png,instructions/2back_instr2.png,instructions/2back_instr3.png,stimuli/R.png,0,0,1,1,1,0,17,17,17,,,None,,WMLoc,testcode1,60.0161118846,b,1,2017_Sep_27_1243,
instructions/0back_instr_J.png,instructions/0back_instr_J.png,parameters/stimlist_runB6.csv,instructions/0back_instr_J.png,instructions/0back_instr_J.png,instructions/0back_instr_J.png,stimuli/M.png,0,0,2,2,2,0,0,0,0,,,None,,WMLoc,testcode1,60.0161118846,b,1,2017_Sep_27_1243,
instructions/0back_instr_J.png,instructions/0back_instr_J.png,parameters/stimlist_runB6.csv,instructions/0back_instr_J.png,instructions/0back_instr_J.png,instructions/0back_instr_J.png,stimuli/R.png,0,0,2,2,2,0,1,1,1,,,None,,WMLoc,testcode1,60.0161118846,b,1,2017_Sep_27_1243,
instructions/0back_instr_J.png,instructions/0back_instr_J.png,parameters/stimlist_runB6.csv,instructions/0back_instr_J.png,instructions/0back_instr_J.png,instructions/0back_instr_J.png,stimuli/J.png,1,0,2,2,2,0,2,2,2,,,['1'],[0.5350601673126221],WMLoc,testcode1,60.0161118846,b,1,2017_Sep_27_1243,
instructions/0back_instr_J.png,instructions/0back_instr_J.png,parameters/stimlist_runB6.csv,instructions/0back_instr_J.png,instructions/0back_instr_J.png,instructions/0back_instr_J.png,stimuli/M.png,0,0,2,2,2,0,3,3,3,,,None,,WMLoc,testcode1,60.0161118846,b,1,2017_Sep_27_1243,
instructions/0back_instr_J.png,instructions/0back_instr_J.png,parameters/stimlist_runB6.csv,instructions/0back_instr_J.png,instructions/0back_instr_J.png,instructions/0back_instr_J.png,stimuli/W.png,0,0,2,2,2,0,4,4,4,,,None,,WMLoc,testcode1,60.0161118846,b,1,2017_Sep_27_1243,
instructions/0back_instr_J.png,instructions/0back_instr_J.png,parameters/stimlist_runB6.csv,instructions/0back_instr_J.png,instructions/0back_instr_J.png,instructions/0back_instr_J.png,stimuli/X.png,0,0,2,2,2,0,5,5,5,,,None,,WMLoc,testcode1,60.0161118846,b,1,2017_Sep_27_1243,
instructions/0back_instr_J.png,instructions/0back_instr_J.png,parameters/stimlist_runB6.csv,instructions/0back_instr_J.png,instructions/0back_instr_J.png,instructions/0back_instr_J.png,stimuli/B.png,0,0,2,2,2,0,6,6,6,,,None,,WMLoc,testcode1,60.0161118846,b,1,2017_Sep_27_1243,
instructions/0back_instr_J.png,instructions/0back_instr_J.png,parameters/stimlist_runB6.csv,instructions/0back_instr_J.png,instructions/0back_instr_J.png,instructions/0back_instr_J.png,stimuli/R.png,0,0,2,2,2,0,7,7,7,,,None,,WMLoc,testcode1,60.0161118846,b,1,2017_Sep_27_1243,
instructions/0back_instr_J.png,instructions/0back_instr_J.png,parameters/stimlist_runB6.csv,instructions/0back_instr_J.png,instructions/0back_instr_J.png,instructions/0back_instr_J.png,stimuli/M.png,0,0,2,2,2,0,8,8,8,,,None,,WMLoc,testcode1,60.0161118846,b,1,2017_Sep_27_1243,
instructions/0back_instr_J.png,instructions/0back_instr_J.png,parameters/stimlist_runB6.csv,instructions/0back_instr_J.png,instructions/0back_instr_J.png,instructions/0back_instr_J.png,stimuli/F.png,0,0,2,2,2,0,9,9,9,,,None,,WMLoc,testcode1,60.0161118846,b,1,2017_Sep_27_1243,
instructions/0back_instr_J.png,instructions/0back_instr_J.png,parameters/stimlist_runB6.csv,instructions/0back_instr_J.png,instructions/0back_instr_J.png,instructions/0back_instr_J.png,stimuli/Q.png,0,0,2,2,2,0,10,10,10,,,None,,WMLoc,testcode1,60.0161118846,b,1,2017_Sep_27_1243,
instructions/0back_instr_J.png,instructions/0back_instr_J.png,parameters/stimlist_runB6.csv,instructions/0back_instr_J.png,instructions/0back_instr_J.png,instructions/0back_instr_J.png,stimuli/J.png,1,0,2,2,2,0,11,11,11,,,['1'],[0.31902313232421875],WMLoc,testcode1,60.0161118846,b,1,2017_Sep_27_1243,
instructions/0back_instr_J.png,instructions/0back_instr_J.png,parameters/stimlist_runB6.csv,instructions/0back_instr_J.png,instructions/0back_instr_J.png,instructions/0back_instr_J.png,stimuli/R.png,0,0,2,2,2,0,12,12,12,,,None,,WMLoc,testcode1,60.0161118846,b,1,2017_Sep_27_1243,
instructions/0back_instr_J.png,instructions/0back_instr_J.png,parameters/stimlist_runB6.csv,instructions/0back_instr_J.png,instructions/0back_instr_J.png,instructions/0back_instr_J.png,stimuli/F.png,0,0,2,2,2,0,13,13,13,,,None,,WMLoc,testcode1,60.0161118846,b,1,2017_Sep_27_1243,
instructions/0back_instr_J.png,instructions/0back_instr_J.png,parameters/stimlist_runB6.csv,instructions/0back_instr_J.png,instructions/0back_instr_J.png,instructions/0back_instr_J.png,stimuli/H.png,0,0,2,2,2,0,14,14,14,,,None,,WMLoc,testcode1,60.0161118846,b,1,2017_Sep_27_1243,
instructions/0back_instr_J.png,instructions/0back_instr_J.png,parameters/stimlist_runB6.csv,instructions/0back_instr_J.png,instructions/0back_instr_J.png,instructions/0back_instr_J.png,stimuli/B.png,0,0,2,2,2,0,15,15,15,,,None,,WMLoc,testcode1,60.0161118846,b,1,2017_Sep_27_1243,
instructions/0back_instr_J.png,instructions/0back_instr_J.png,parameters/stimlist_runB6.csv,instructions/0back_instr_J.png,instructions/0back_instr_J.png,instructions/0back_instr_J.png,stimuli/J.png,1,0,2,2,2,0,16,16,16,,,['1'],[0.5520379543304443],WMLoc,testcode1,60.0161118846,b,1,2017_Sep_27_1243,
instructions/0back_instr_J.png,instructions/0back_instr_J.png,parameters/stimlist_runB6.csv,instructions/0back_instr_J.png,instructions/0back_instr_J.png,instructions/0back_instr_J.png,stimuli/M.png,0,0,2,2,2,0,17,17,17,,,None,,WMLoc,testcode1,60.0161118846,b,1,2017_Sep_27_1243,
instructions/2back_instr4.png,instructions/2back_instr5.png,parameters/stimlist_runB5.csv,instructions/2back_instr1.png,instructions/2back_instr2.png,instructions/2back_instr3.png,stimuli/B.png,0,0,3,3,3,0,0,0,0,,,None,,WMLoc,testcode1,60.0161118846,b,1,2017_Sep_27_1243,
instructions/2back_instr4.png,instructions/2back_instr5.png,parameters/stimlist_runB5.csv,instructions/2back_instr1.png,instructions/2back_instr2.png,instructions/2back_instr3.png,stimuli/Q.png,0,0,3,3,3,0,1,1,1,,,None,,WMLoc,testcode1,60.0161118846,b,1,2017_Sep_27_1243,
instructions/2back_instr4.png,instructions/2back_instr5.png,parameters/stimlist_runB5.csv,instructions/2back_instr1.png,instructions/2back_instr2.png,instructions/2back_instr3.png,stimuli/X.png,0,0,3,3,3,0,2,2,2,,,None,,WMLoc,testcode1,60.0161118846,b,1,2017_Sep_27_1243,
instructions/2back_instr4.png,instructions/2back_instr5.png,parameters/stimlist_runB5.csv,instructions/2back_instr1.png,instructions/2back_instr2.png,instructions/2back_instr3.png,stimuli/Q.png,1,0,3,3,3,0,3,3,3,,,['1'],[0.7682340145111084],WMLoc,testcode1,60.0161118846,b,1,2017_Sep_27_1243,
instructions/2back_instr4.png,instructions/2back_instr5.png,parameters/stimlist_runB5.csv,instructions/2back_instr1.png,instructions/2back_instr2.png,instructions/2back_instr3.png,stimuli/H.png,0,0,3,3,3,0,4,4,4,,,None,,WMLoc,testcode1,60.0161118846,b,1,2017_Sep_27_1243,
instructions/2back_instr4.png,instructions/2back_instr5.png,parameters/stimlist_runB5.csv,instructions/2back_instr1.png,instructions/2back_instr2.png,instructions/2back_instr3.png,stimuli/B.png,0,0,3,3,3,0,5,5,5,,,None,,WMLoc,testcode1,60.0161118846,b,1,2017_Sep_27_1243,
instructions/2back_instr4.png,instructions/2back_instr5.png,parameters/stimlist_runB5.csv,instructions/2back_instr1.png,instructions/2back_instr2.png,instructions/2back_instr3.png,stimuli/B.png,0,0,3,3,3,0,6,6,6,,,['1'],[0.584784984588623],WMLoc,testcode1,60.0161118846,b,1,2017_Sep_27_1243,
instructions/2back_instr4.png,instructions/2back_instr5.png,parameters/stimlist_runB5.csv,instructions/2back_instr1.png,instructions/2back_instr2.png,instructions/2back_instr3.png,stimuli/W.png,0,0,3,3,3,0,7,7,7,,,None,,WMLoc,testcode1,60.0161118846,b,1,2017_Sep_27_1243,
instructions/2back_instr4.png,instructions/2back_instr5.png,parameters/stimlist_runB5.csv,instructions/2back_instr1.png,instructions/2back_instr2.png,instructions/2back_instr3.png,stimuli/M.png,0,0,3,3,3,0,8,8,8,,,None,,WMLoc,testcode1,60.0161118846,b,1,2017_Sep_27_1243,
instructions/2back_instr4.png,instructions/2back_instr5.png,parameters/stimlist_runB5.csv,instructions/2back_instr1.png,instructions/2back_instr2.png,instructions/2back_instr3.png,stimuli/W.png,1,0,3,3,3,0,9,9,9,,,['1'],[0.4684431552886963],WMLoc,testcode1,60.0161118846,b,1,2017_Sep_27_1243,
instructions/2back_instr4.png,instructions/2back_instr5.png,parameters/stimlist_runB5.csv,instructions/2back_instr1.png,instructions/2back_instr2.png,instructions/2back_instr3.png,stimuli/Q.png,0,0,3,3,3,0,10,10,10,,,None,,WMLoc,testcode1,60.0161118846,b,1,2017_Sep_27_1243,
instructions/2back_instr4.png,instructions/2back_instr5.png,parameters/stimlist_runB5.csv,instructions/2back_instr1.png,instructions/2back_instr2.png,instructions/2back_instr3.png,stimuli/J.png,0,0,3,3,3,0,11,11,11,,,None,,WMLoc,testcode1,60.0161118846,b,1,2017_Sep_27_1243,
instructions/2back_instr4.png,instructions/2back_instr5.png,parameters/stimlist_runB5.csv,instructions/2back_instr1.png,instructions/2back_instr2.png,instructions/2back_instr3.png,stimuli/F.png,0,0,3,3,3,0,12,12,12,,,None,,WMLoc,testcode1,60.0161118846,b,1,2017_Sep_27_1243,
instructions/2back_instr4.png,instructions/2back_instr5.png,parameters/stimlist_runB5.csv,instructions/2back_instr1.png,instructions/2back_instr2.png,instructions/2back_instr3.png,stimuli/R.png,0,0,3,3,3,0,13,13,13,,,None,,WMLoc,testcode1,60.0161118846,b,1,2017_Sep_27_1243,
instructions/2back_instr4.png,instructions/2back_instr5.png,parameters/stimlist_runB5.csv,instructions/2back_instr1.png,instructions/2back_instr2.png,instructions/2back_instr3.png,stimuli/J.png,0,0,3,3,3,0,14,14,14,,,None,,WMLoc,testcode1,60.0161118846,b,1,2017_Sep_27_1243,
instructions/2back_instr4.png,instructions/2back_instr5.png,parameters/stimlist_runB5.csv,instructions/2back_instr1.png,instructions/2back_instr2.png,instructions/2back_instr3.png,stimuli/R.png,1,0,3,3,3,0,15,15,15,,,['1'],[0.5846030712127686],WMLoc,testcode1,60.0161118846,b,1,2017_Sep_27_1243,
instructions/2back_instr4.png,instructions/2back_instr5.png,parameters/stimlist_runB5.csv,instructions/2back_instr1.png,instructions/2back_instr2.png,instructions/2back_instr3.png,stimuli/X.png,0,0,3,3,3,0,16,16,16,,,None,,WMLoc,testcode1,60.0161118846,b,1,2017_Sep_27_1243,
instructions/2back_instr4.png,instructions/2back_instr5.png,parameters/stimlist_runB5.csv,instructions/2back_instr1.png,instructions/2back_instr2.png,instructions/2back_instr3.png,stimuli/M.png,0,0,3,3,3,0,17,17,17,,,None,,WMLoc,testcode1,60.0161118846,b,1,2017_Sep_27_1243,
instructions/0back_instr_F.png,instructions/0back_instr_F.png,parameters/stimlist_runB4.csv,instructions/0back_instr_F.png,instructions/0back_instr_F.png,instructions/0back_instr_F.png,stimuli/H.png,0,0,4,4,4,0,0,0,0,,,None,,WMLoc,testcode1,60.0161118846,b,1,2017_Sep_27_1243,
instructions/0back_instr_F.png,instructions/0back_instr_F.png,parameters/stimlist_runB4.csv,instructions/0back_instr_F.png,instructions/0back_instr_F.png,instructions/0back_instr_F.png,stimuli/W.png,0,0,4,4,4,0,1,1,1,,,None,,WMLoc,testcode1,60.0161118846,b,1,2017_Sep_27_1243,
instructions/0back_instr_F.png,instructions/0back_instr_F.png,parameters/stimlist_runB4.csv,instructions/0back_instr_F.png,instructions/0back_instr_F.png,instructions/0back_instr_F.png,stimuli/R.png,0,0,4,4,4,0,2,2,2,,,None,,WMLoc,testcode1,60.0161118846,b,1,2017_Sep_27_1243,
instructions/0back_instr_F.png,instructions/0back_instr_F.png,parameters/stimlist_runB4.csv,instructions/0back_instr_F.png,instructions/0back_instr_F.png,instructions/0back_instr_F.png,stimuli/W.png,0,0,4,4,4,0,3,3,3,,,None,,WMLoc,testcode1,60.0161118846,b,1,2017_Sep_27_1243,
instructions/0back_instr_F.png,instructions/0back_instr_F.png,parameters/stimlist_runB4.csv,instructions/0back_instr_F.png,instructions/0back_instr_F.png,instructions/0back_instr_F.png,stimuli/X.png,0,0,4,4,4,0,4,4,4,,,None,,WMLoc,testcode1,60.0161118846,b,1,2017_Sep_27_1243,
instructions/0back_instr_F.png,instructions/0back_instr_F.png,parameters/stimlist_runB4.csv,instructions/0back_instr_F.png,instructions/0back_instr_F.png,instructions/0back_instr_F.png,stimuli/F.png,1,0,4,4,4,0,5,5,5,,,['1'],[0.4517171382904053],WMLoc,testcode1,60.0161118846,b,1,2017_Sep_27_1243,
instructions/0back_instr_F.png,instructions/0back_instr_F.png,parameters/stimlist_runB4.csv,instructions/0back_instr_F.png,instructions/0back_instr_F.png,instructions/0back_instr_F.png,stimuli/H.png,0,0,4,4,4,0,6,6,6,,,None,,WMLoc,testcode1,60.0161118846,b,1,2017_Sep_27_1243,
instructions/0back_instr_F.png,instructions/0back_instr_F.png,parameters/stimlist_runB4.csv,instructions/0back_instr_F.png,instructions/0back_instr_F.png,instructions/0back_instr_F.png,stimuli/M.png,0,0,4,4,4,0,7,7,7,,,None,,WMLoc,testcode1,60.0161118846,b,1,2017_Sep_27_1243,
instructions/0back_instr_F.png,instructions/0back_instr_F.png,parameters/stimlist_runB4.csv,instructions/0back_instr_F.png,instructions/0back_instr_F.png,instructions/0back_instr_F.png,stimuli/Q.png,0,0,4,4,4,0,8,8,8,,,None,,WMLoc,testcode1,60.0161118846,b,1,2017_Sep_27_1243,
instructions/0back_instr_F.png,instructions/0back_instr_F.png,parameters/stimlist_runB4.csv,instructions/0back_instr_F.png,instructions/0back_instr_F.png,instructions/0back_instr_F.png,stimuli/Q.png,0,0,4,4,4,0,9,9,9,,,None,,WMLoc,testcode1,60.0161118846,b,1,2017_Sep_27_1243,
instructions/0back_instr_F.png,instructions/0back_instr_F.png,parameters/stimlist_runB4.csv,instructions/0back_instr_F.png,instructions/0back_instr_F.png,instructions/0back_instr_F.png,stimuli/F.png,1,0,4,4,4,0,10,10,10,,,['1'],[0.43641114234924316],WMLoc,testcode1,60.0161118846,b,1,2017_Sep_27_1243,
instructions/0back_instr_F.png,instructions/0back_instr_F.png,parameters/stimlist_runB4.csv,instructions/0back_instr_F.png,instructions/0back_instr_F.png,instructions/0back_instr_F.png,stimuli/W.png,0,0,4,4,4,0,11,11,11,,,None,,WMLoc,testcode1,60.0161118846,b,1,2017_Sep_27_1243,
instructions/0back_instr_F.png,instructions/0back_instr_F.png,parameters/stimlist_runB4.csv,instructions/0back_instr_F.png,instructions/0back_instr_F.png,instructions/0back_instr_F.png,stimuli/Q.png,0,0,4,4,4,0,12,12,12,,,None,,WMLoc,testcode1,60.0161118846,b,1,2017_Sep_27_1243,
instructions/0back_instr_F.png,instructions/0back_instr_F.png,parameters/stimlist_runB4.csv,instructions/0back_instr_F.png,instructions/0back_instr_F.png,instructions/0back_instr_F.png,stimuli/W.png,0,0,4,4,4,0,13,13,13,,,None,,WMLoc,testcode1,60.0161118846,b,1,2017_Sep_27_1243,
instructions/0back_instr_F.png,instructions/0back_instr_F.png,parameters/stimlist_runB4.csv,instructions/0back_instr_F.png,instructions/0back_instr_F.png,instructions/0back_instr_F.png,stimuli/M.png,0,0,4,4,4,0,14,14,14,,,None,,WMLoc,testcode1,60.0161118846,b,1,2017_Sep_27_1243,
instructions/0back_instr_F.png,instructions/0back_instr_F.png,parameters/stimlist_runB4.csv,instructions/0back_instr_F.png,instructions/0back_instr_F.png,instructions/0back_instr_F.png,stimuli/F.png,1,0,4,4,4,0,15,15,15,,,['1'],[0.4017820358276367],WMLoc,testcode1,60.0161118846,b,1,2017_Sep_27_1243,
instructions/0back_instr_F.png,instructions/0back_instr_F.png,parameters/stimlist_runB4.csv,instructions/0back_instr_F.png,instructions/0back_instr_F.png,instructions/0back_instr_F.png,stimuli/J.png,0,0,4,4,4,0,16,16,16,,,None,,WMLoc,testcode1,60.0161118846,b,1,2017_Sep_27_1243,
instructions/0back_instr_F.png,instructions/0back_instr_F.png,parameters/stimlist_runB4.csv,instructions/0back_instr_F.png,instructions/0back_instr_F.png,instructions/0back_instr_F.png,stimuli/B.png,0,0,4,4,4,0,17,17,17,,,None,,WMLoc,testcode1,60.0161118846,b,1,2017_Sep_27_1243,
instructions/2back_instr4.png,instructions/2back_instr5.png,parameters/stimlist_runB3.csv,instructions/2back_instr1.png,instructions/2back_instr2.png,instructions/2back_instr3.png,stimuli/X.png,0,0,5,5,5,0,0,0,0,,,None,,WMLoc,testcode1,60.0161118846,b,1,2017_Sep_27_1243,
instructions/2back_instr4.png,instructions/2back_instr5.png,parameters/stimlist_runB3.csv,instructions/2back_instr1.png,instructions/2back_instr2.png,instructions/2back_instr3.png,stimuli/Q.png,0,0,5,5,5,0,1,1,1,,,None,,WMLoc,testcode1,60.0161118846,b,1,2017_Sep_27_1243,
instructions/2back_instr4.png,instructions/2back_instr5.png,parameters/stimlist_runB3.csv,instructions/2back_instr1.png,instructions/2back_instr2.png,instructions/2back_instr3.png,stimuli/J.png,0,0,5,5,5,0,2,2,2,,,None,,WMLoc,testcode1,60.0161118846,b,1,2017_Sep_27_1243,
instructions/2back_instr4.png,instructions/2back_instr5.png,parameters/stimlist_runB3.csv,instructions/2back_instr1.png,instructions/2back_instr2.png,instructions/2back_instr3.png,stimuli/Q.png,1,0,5,5,5,0,3,3,3,,,None,,WMLoc,testcode1,60.0161118846,b,1,2017_Sep_27_1243,
instructions/2back_instr4.png,instructions/2back_instr5.png,parameters/stimlist_runB3.csv,instructions/2back_instr1.png,instructions/2back_instr2.png,instructions/2back_instr3.png,stimuli/R.png,0,0,5,5,5,0,4,4,4,,,None,,WMLoc,testcode1,60.0161118846,b,1,2017_Sep_27_1243,
instructions/2back_instr4.png,instructions/2back_instr5.png,parameters/stimlist_runB3.csv,instructions/2back_instr1.png,instructions/2back_instr2.png,instructions/2back_instr3.png,stimuli/B.png,0,0,5,5,5,0,5,5,5,,,None,,WMLoc,testcode1,60.0161118846,b,1,2017_Sep_27_1243,
instructions/2back_instr4.png,instructions/2back_instr5.png,parameters/stimlist_runB3.csv,instructions/2back_instr1.png,instructions/2back_instr2.png,instructions/2back_instr3.png,stimuli/W.png,0,0,5,5,5,0,6,6,6,,,None,,WMLoc,testcode1,60.0161118846,b,1,2017_Sep_27_1243,
instructions/2back_instr4.png,instructions/2back_instr5.png,parameters/stimlist_runB3.csv,instructions/2back_instr1.png,instructions/2back_instr2.png,instructions/2back_instr3.png,stimuli/B.png,1,0,5,5,5,0,7,7,7,,,['1'],[0.5187160968780518],WMLoc,testcode1,60.0161118846,b,1,2017_Sep_27_1243,
instructions/2back_instr4.png,instructions/2back_instr5.png,parameters/stimlist_runB3.csv,instructions/2back_instr1.png,instructions/2back_instr2.png,instructions/2back_instr3.png,stimuli/Q.png,0,0,5,5,5,0,8,8,8,,,None,,WMLoc,testcode1,60.0161118846,b,1,2017_Sep_27_1243,
instructions/2back_instr4.png,instructions/2back_instr5.png,parameters/stimlist_runB3.csv,instructions/2back_instr1.png,instructions/2back_instr2.png,instructions/2back_instr3.png,stimuli/M.png,0,0,5,5,5,0,9,9,9,,,None,,WMLoc,testcode1,60.0161118846,b,1,2017_Sep_27_1243,
instructions/2back_instr4.png,instructions/2back_instr5.png,parameters/stimlist_runB3.csv,instructions/2back_instr1.png,instructions/2back_instr2.png,instructions/2back_instr3.png,stimuli/J.png,0,0,5,5,5,0,10,10,10,,,None,,WMLoc,testcode1,60.0161118846,b,1,2017_Sep_27_1243,
instructions/2back_instr4.png,instructions/2back_instr5.png,parameters/stimlist_runB3.csv,instructions/2back_instr1.png,instructions/2back_instr2.png,instructions/2back_instr3.png,stimuli/H.png,0,0,5,5,5,0,11,11,11,,,None,,WMLoc,testcode1,60.0161118846,b,1,2017_Sep_27_1243,
instructions/2back_instr4.png,instructions/2back_instr5.png,parameters/stimlist_runB3.csv,instructions/2back_instr1.png,instructions/2back_instr2.png,instructions/2back_instr3.png,stimuli/R.png,0,0,5,5,5,0,12,12,12,,,None,,WMLoc,testcode1,60.0161118846,b,1,2017_Sep_27_1243,
instructions/2back_instr4.png,instructions/2back_instr5.png,parameters/stimlist_runB3.csv,instructions/2back_instr1.png,instructions/2back_instr2.png,instructions/2back_instr3.png,stimuli/J.png,0,0,5,5,5,0,13,13,13,,,None,,WMLoc,testcode1,60.0161118846,b,1,2017_Sep_27_1243,
instructions/2back_instr4.png,instructions/2back_instr5.png,parameters/stimlist_runB3.csv,instructions/2back_instr1.png,instructions/2back_instr2.png,instructions/2back_instr3.png,stimuli/R.png,1,0,5,5,5,0,14,14,14,,,['1'],[0.5852780342102051],WMLoc,testcode1,60.0161118846,b,1,2017_Sep_27_1243,
instructions/2back_instr4.png,instructions/2back_instr5.png,parameters/stimlist_runB3.csv,instructions/2back_instr1.png,instructions/2back_instr2.png,instructions/2back_instr3.png,stimuli/Q.png,0,0,5,5,5,0,15,15,15,,,None,,WMLoc,testcode1,60.0161118846,b,1,2017_Sep_27_1243,
instructions/2back_instr4.png,instructions/2back_instr5.png,parameters/stimlist_runB3.csv,instructions/2back_instr1.png,instructions/2back_instr2.png,instructions/2back_instr3.png,stimuli/F.png,0,0,5,5,5,0,16,16,16,,,None,,WMLoc,testcode1,60.0161118846,b,1,2017_Sep_27_1243,
instructions/2back_instr4.png,instructions/2back_instr5.png,parameters/stimlist_runB3.csv,instructions/2back_instr1.png,instructions/2back_instr2.png,instructions/2back_instr3.png,stimuli/F.png,0,0,5,5,5,0,17,17,17,,,None,,WMLoc,testcode1,60.0161118846,b,1,2017_Sep_27_1243,
instructions/0back_instr_B.png,instructions/0back_instr_B.png,parameters/stimlist_runB2.csv,instructions/0back_instr_B.png,instructions/0back_instr_B.png,instructions/0back_instr_B.png,stimuli/W.png,0,0,6,6,6,0,0,0,0,,,None,,WMLoc,testcode1,60.0161118846,b,1,2017_Sep_27_1243,
instructions/0back_instr_B.png,instructions/0back_instr_B.png,parameters/stimlist_runB2.csv,instructions/0back_instr_B.png,instructions/0back_instr_B.png,instructions/0back_instr_B.png,stimuli/F.png,0,0,6,6,6,0,1,1,1,,,None,,WMLoc,testcode1,60.0161118846,b,1,2017_Sep_27_1243,
instructions/0back_instr_B.png,instructions/0back_instr_B.png,parameters/stimlist_runB2.csv,instructions/0back_instr_B.png,instructions/0back_instr_B.png,instructions/0back_instr_B.png,stimuli/H.png,0,0,6,6,6,0,2,2,2,,,None,,WMLoc,testcode1,60.0161118846,b,1,2017_Sep_27_1243,
instructions/0back_instr_B.png,instructions/0back_instr_B.png,parameters/stimlist_runB2.csv,instructions/0back_instr_B.png,instructions/0back_instr_B.png,instructions/0back_instr_B.png,stimuli/B.png,1,0,6,6,6,0,3,3,3,,,['1'],[0.6494081020355225],WMLoc,testcode1,60.0161118846,b,1,2017_Sep_27_1243,
instructions/0back_instr_B.png,instructions/0back_instr_B.png,parameters/stimlist_runB2.csv,instructions/0back_instr_B.png,instructions/0back_instr_B.png,instructions/0back_instr_B.png,stimuli/H.png,0,0,6,6,6,0,4,4,4,,,None,,WMLoc,testcode1,60.0161118846,b,1,2017_Sep_27_1243,
instructions/0back_instr_B.png,instructions/0back_instr_B.png,parameters/stimlist_runB2.csv,instructions/0back_instr_B.png,instructions/0back_instr_B.png,instructions/0back_instr_B.png,stimuli/Q.png,0,0,6,6,6,0,5,5,5,,,None,,WMLoc,testcode1,60.0161118846,b,1,2017_Sep_27_1243,
instructions/0back_instr_B.png,instructions/0back_instr_B.png,parameters/stimlist_runB2.csv,instructions/0back_instr_B.png,instructions/0back_instr_B.png,instructions/0back_instr_B.png,stimuli/J.png,0,0,6,6,6,0,6,6,6,,,None,,WMLoc,testcode1,60.0161118846,b,1,2017_Sep_27_1243,
instructions/0back_instr_B.png,instructions/0back_instr_B.png,parameters/stimlist_runB2.csv,instructions/0back_instr_B.png,instructions/0back_instr_B.png,instructions/0back_instr_B.png,stimuli/B.png,1,0,6,6,6,0,7,7,7,,,['1'],[0.5352771282196045],WMLoc,testcode1,60.0161118846,b,1,2017_Sep_27_1243,
instructions/0back_instr_B.png,instructions/0back_instr_B.png,parameters/stimlist_runB2.csv,instructions/0back_instr_B.png,instructions/0back_instr_B.png,instructions/0back_instr_B.png,stimuli/Q.png,0,0,6,6,6,0,8,8,8,,,None,,WMLoc,testcode1,60.0161118846,b,1,2017_Sep_27_1243,
instructions/0back_instr_B.png,instructions/0back_instr_B.png,parameters/stimlist_runB2.csv,instructions/0back_instr_B.png,instructions/0back_instr_B.png,instructions/0back_instr_B.png,stimuli/M.png,0,0,6,6,6,0,9,9,9,,,None,,WMLoc,testcode1,60.0161118846,b,1,2017_Sep_27_1243,
instructions/0back_instr_B.png,instructions/0back_instr_B.png,parameters/stimlist_runB2.csv,instructions/0back_instr_B.png,instructions/0back_instr_B.png,instructions/0back_instr_B.png,stimuli/J.png,0,0,6,6,6,0,10,10,10,,,None,,WMLoc,testcode1,60.0161118846,b,1,2017_Sep_27_1243,
instructions/0back_instr_B.png,instructions/0back_instr_B.png,parameters/stimlist_runB2.csv,instructions/0back_instr_B.png,instructions/0back_instr_B.png,instructions/0back_instr_B.png,stimuli/X.png,0,0,6,6,6,0,11,11,11,,,None,,WMLoc,testcode1,60.0161118846,b,1,2017_Sep_27_1243,
instructions/0back_instr_B.png,instructions/0back_instr_B.png,parameters/stimlist_runB2.csv,instructions/0back_instr_B.png,instructions/0back_instr_B.png,instructions/0back_instr_B.png,stimuli/B.png,1,0,6,6,6,0,12,12,12,,,['1'],[0.4671800136566162],WMLoc,testcode1,60.0161118846,b,1,2017_Sep_27_1243,
instructions/0back_instr_B.png,instructions/0back_instr_B.png,parameters/stimlist_runB2.csv,instructions/0back_instr_B.png,instructions/0back_instr_B.png,instructions/0back_instr_B.png,stimuli/H.png,0,0,6,6,6,0,13,13,13,,,None,,WMLoc,testcode1,60.0161118846,b,1,2017_Sep_27_1243,
instructions/0back_instr_B.png,instructions/0back_instr_B.png,parameters/stimlist_runB2.csv,instructions/0back_instr_B.png,instructions/0back_instr_B.png,instructions/0back_instr_B.png,stimuli/R.png,0,0,6,6,6,0,14,14,14,,,None,,WMLoc,testcode1,60.0161118846,b,1,2017_Sep_27_1243,
instructions/0back_instr_B.png,instructions/0back_instr_B.png,parameters/stimlist_runB2.csv,instructions/0back_instr_B.png,instructions/0back_instr_B.png,instructions/0back_instr_B.png,stimuli/M.png,0,0,6,6,6,0,15,15,15,,,None,,WMLoc,testcode1,60.0161118846,b,1,2017_Sep_27_1243,
instructions/0back_instr_B.png,instructions/0back_instr_B.png,parameters/stimlist_runB2.csv,instructions/0back_instr_B.png,instructions/0back_instr_B.png,instructions/0back_instr_B.png,stimuli/W.png,0,0,6,6,6,0,16,16,16,,,None,,WMLoc,testcode1,60.0161118846,b,1,2017_Sep_27_1243,
instructions/0back_instr_B.png,instructions/0back_instr_B.png,parameters/stimlist_runB2.csv,instructions/0back_instr_B.png,instructions/0back_instr_B.png,instructions/0back_instr_B.png,stimuli/R.png,0,0,6,6,6,0,17,17,17,,,None,,WMLoc,testcode1,60.0161118846,b,1,2017_Sep_27_1243,
instructions/2back_instr4.png,instructions/2back_instr5.png,parameters/stimlist_runB1.csv,instructions/2back_instr1.png,instructions/2back_instr2.png,instructions/2back_instr3.png,stimuli/H.png,0,0,7,7,7,0,0,0,0,,,None,,WMLoc,testcode1,60.0161118846,b,1,2017_Sep_27_1243,
instructions/2back_instr4.png,instructions/2back_instr5.png,parameters/stimlist_runB1.csv,instructions/2back_instr1.png,instructions/2back_instr2.png,instructions/2back_instr3.png,stimuli/Q.png,0,0,7,7,7,0,1,1,1,,,None,,WMLoc,testcode1,60.0161118846,b,1,2017_Sep_27_1243,
instructions/2back_instr4.png,instructions/2back_instr5.png,parameters/stimlist_runB1.csv,instructions/2back_instr1.png,instructions/2back_instr2.png,instructions/2back_instr3.png,stimuli/J.png,0,0,7,7,7,0,2,2,2,,,None,,WMLoc,testcode1,60.0161118846,b,1,2017_Sep_27_1243,
instructions/2back_instr4.png,instructions/2back_instr5.png,parameters/stimlist_runB1.csv,instructions/2back_instr1.png,instructions/2back_instr2.png,instructions/2back_instr3.png,stimuli/F.png,0,0,7,7,7,0,3,3,3,,,None,,WMLoc,testcode1,60.0161118846,b,1,2017_Sep_27_1243,
instructions/2back_instr4.png,instructions/2back_instr5.png,parameters/stimlist_runB1.csv,instructions/2back_instr1.png,instructions/2back_instr2.png,instructions/2back_instr3.png,stimuli/J.png,1,0,7,7,7,0,4,4,4,,,['1'],[0.4515359401702881],WMLoc,testcode1,60.0161118846,b,1,2017_Sep_27_1243,
instructions/2back_instr4.png,instructions/2back_instr5.png,parameters/stimlist_runB1.csv,instructions/2back_instr1.png,instructions/2back_instr2.png,instructions/2back_instr3.png,stimuli/M.png,0,0,7,7,7,0,5,5,5,,,None,,WMLoc,testcode1,60.0161118846,b,1,2017_Sep_27_1243,
instructions/2back_instr4.png,instructions/2back_instr5.png,parameters/stimlist_runB1.csv,instructions/2back_instr1.png,instructions/2back_instr2.png,instructions/2back_instr3.png,stimuli/W.png,0,0,7,7,7,0,6,6,6,,,None,,WMLoc,testcode1,60.0161118846,b,1,2017_Sep_27_1243,
instructions/2back_instr4.png,instructions/2back_instr5.png,parameters/stimlist_runB1.csv,instructions/2back_instr1.png,instructions/2back_instr2.png,instructions/2back_instr3.png,stimuli/R.png,0,0,7,7,7,0,7,7,7,,,None,,WMLoc,testcode1,60.0161118846,b,1,2017_Sep_27_1243,
instructions/2back_instr4.png,instructions/2back_instr5.png,parameters/stimlist_runB1.csv,instructions/2back_instr1.png,instructions/2back_instr2.png,instructions/2back_instr3.png,stimuli/X.png,0,0,7,7,7,0,8,8,8,,,None,,WMLoc,testcode1,60.0161118846,b,1,2017_Sep_27_1243,
instructions/2back_instr4.png,instructions/2back_instr5.png,parameters/stimlist_runB1.csv,instructions/2back_instr1.png,instructions/2back_instr2.png,instructions/2back_instr3.png,stimuli/H.png,0,0,7,7,7,0,9,9,9,,,None,,WMLoc,testcode1,60.0161118846,b,1,2017_Sep_27_1243,
instructions/2back_instr4.png,instructions/2back_instr5.png,parameters/stimlist_runB1.csv,instructions/2back_instr1.png,instructions/2back_instr2.png,instructions/2back_instr3.png,stimuli/R.png,0,0,7,7,7,0,10,10,10,,,None,,WMLoc,testcode1,60.0161118846,b,1,2017_Sep_27_1243,
instructions/2back_instr4.png,instructions/2back_instr5.png,parameters/stimlist_runB1.csv,instructions/2back_instr1.png,instructions/2back_instr2.png,instructions/2back_instr3.png,stimuli/H.png,1,0,7,7,7,0,11,11,11,,,['1'],[0.3846590518951416],WMLoc,testcode1,60.0161118846,b,1,2017_Sep_27_1243,
instructions/2back_instr4.png,instructions/2back_instr5.png,parameters/stimlist_runB1.csv,instructions/2back_instr1.png,instructions/2back_instr2.png,instructions/2back_instr3.png,stimuli/J.png,0,0,7,7,7,0,12,12,12,,,None,,WMLoc,testcode1,60.0161118846,b,1,2017_Sep_27_1243,
instructions/2back_instr4.png,instructions/2back_instr5.png,parameters/stimlist_runB1.csv,instructions/2back_instr1.png,instructions/2back_instr2.png,instructions/2back_instr3.png,stimuli/B.png,0,0,7,7,7,0,13,13,13,,,None,,WMLoc,testcode1,60.0161118846,b,1,2017_Sep_27_1243,
instructions/2back_instr4.png,instructions/2back_instr5.png,parameters/stimlist_runB1.csv,instructions/2back_instr1.png,instructions/2back_instr2.png,instructions/2back_instr3.png,stimuli/B.png,0,0,7,7,7,0,14,14,14,,,None,,WMLoc,testcode1,60.0161118846,b,1,2017_Sep_27_1243,
instructions/2back_instr4.png,instructions/2back_instr5.png,parameters/stimlist_runB1.csv,instructions/2back_instr1.png,instructions/2back_instr2.png,instructions/2back_instr3.png,stimuli/X.png,0,0,7,7,7,0,15,15,15,,,None,,WMLoc,testcode1,60.0161118846,b,1,2017_Sep_27_1243,
instructions/2back_instr4.png,instructions/2back_instr5.png,parameters/stimlist_runB1.csv,instructions/2back_instr1.png,instructions/2back_instr2.png,instructions/2back_instr3.png,stimuli/W.png,0,0,7,7,7,0,16,16,16,,,None,,WMLoc,testcode1,60.0161118846,b,1,2017_Sep_27_1243,
instructions/2back_instr4.png,instructions/2back_instr5.png,parameters/stimlist_runB1.csv,instructions/2back_instr1.png,instructions/2back_instr2.png,instructions/2back_instr3.png,stimuli/X.png,1,0,7,7,7,0,17,17,17,,,['1'],[0.4516780376434326],WMLoc,testcode1,60.0161118846,b,1,2017_Sep_27_1243,
